GEOPOINT;GENRE;ESPECE;FAMILLE;ANNEE PLANTATION;HAUTEUR;CIRCONFERENCE;ADRESSE;NOM COMMUN;VARIETE;OBJECTID
{"lat":48.857140829, "lon":2.29533455314};Maclura;pomifera;Moraceae;1935;13.0;;{"arrondissement":7, "lieu":"Parc du Champs de Mars", "rue":"Quai Branly, avenue de La Motte-Piquet, avenue de la Bourdonnais, avenue de Suffren"};Oranger des Osages;;6
{"lat":48.8685686134, "lon":2.31331809304};Calocedrus;decurrens;Cupressaceae;1854;20.0;195.0;{"arrondissement":8, "lieu":"Jardin des Champs Elysées", "rue":"Cours-la-Reine, avenue Franklin-D.-Roosevelt, avenue Matignon, avenue Gabriel"};Cèdre à encens;;11
{"lat":48.8768191638, "lon":2.33210374339};Pterocarya;fraxinifolia;Juglandaceae;1862;22.0;330.0;{"arrondissement":9, "lieu":"Square Etienne d'Orves", "rue":"Place d'Estienne-d'Orves"};Pérocarya du Caucase;;14
{"lat":48.8373323894, "lon":2.40776275516};Celtis;australis;Cannabaceae;1906;16.0;295.0;{"arrondissement":12, "lieu":"Avenue 27 boulevard Soult", "rue":"27, boulevard Soult"};Micocoulier de Provence;;16
{"lat":48.8341842636, "lon":2.46130493573};Quercus;petraea;Fagaceae;1784;30.0;430.0;{"arrondissement":12, "lieu":"Bois de Vincennes", "sous-lieu":"lac des minimes", "rue":"route ronde des Minimes"};Chêne rouvre;;19
{"lat":48.8325900983, "lon":2.41116455985};Platanus;x acerifolia;Platanaceae;1860;45.0;405.0;{"arrondissement":12, "lieu":"Bois de Vincennes", "sous-lieu":"Ile de Bercy", "rue":"Ile de Bercy"};Platane commun;;21
{"lat":48.8226749117, "lon":2.33869560229};Platanus;x acerifolia;Platanaceae;1840;40.0;580.0;{"arrondissement":14, "lieu":"Parc Montsouris", "rue":"Bd Jourdan, avenue Reille, rue Gazan, rue de la Cité‚-Universitaire, rue Nansouty"};Platane commun;;26
{"lat":48.8428118006, "lon":2.2972574926};Alnus;glutinosa;Betulaceae;1933;16.0;220.0;{"arrondissement":15, "lieu":"Square Saint Lambert", "rue":"Rue Th‚ophraste-Renaudot, rue L‚on-Lhermitte, rue Jean Formig‚, rue du Docteur Jacquem"};Aulne glutineux;;28
{"lat":48.8717782491, "lon":2.27973325759};Aesculus;hippocastanum;Sapindaceae;;30.0;505.0;{"arrondissement":16, "lieu":"Avenue Foch", "rue":"Avenue Foch"};Marronnier d'Inde;;30
{"lat":48.8802898189, "lon":2.38157469859};Ginkgo;biloba;Ginkgoaceae;1913;33.0;230.0;{"arrondissement":19, "lieu":"Parc des Buttes Chaumont", "rue":"Rue Manin, rue Botzaris"};Arbre aux quarante écus;;46
{"lat":48.8820015094, "lon":2.39836942721};Fraxinus;excelsior;Oleaceae;;30.0;365.0;{"arrondissement":19, "lieu":"Square de la Butte du Chapeau Rouge", "rue":"Boulevard d'Algérie"};Frêne commun;;52
{"lat":48.846044762, "lon":2.2529555706};Ailanthus;giraldii;Simaroubaceae;;35.0;460.0;{"arrondissement":16, "lieu":"Jardin des Serres d'Auteuil", "rue":"3 avenue de la Porte d'Auteuil, 1 avenue Gordon Benett"};Ailanthe;;53
{"lat":48.8606198209, "lon":2.2599223737};Taxodium;distichum;Taxodiaceae;1862;35.0;350.0;{"arrondissement":16, "lieu":"Bois de Boulogne", "sous-lieu":"Berge du lac inférieur", "rue":"Berge du lac Inférieur"};Cyprés chauve;;56
{"lat":48.8232165418, "lon":2.46016871078};Diospyros;kaki;Ebenaceae;;12.0;160.0;{"arrondissement":12, "lieu":"Jardin de l' Ecole Du Breuil", "rue":"Route de la Ferme, route de la Pyramide"};Kaki;;58
{"lat":48.8764503804, "lon":2.25765244347};Sequoiadendron;giganteum;Taxodiaceae;1850;30.0;;{"arrondissement":16, "lieu":"Bois de Boulogne", "sous-lieu":"Portes Saint james", "rue":""};Séquoia géant;;59
{"lat":48.8691485018, "lon":2.27224125103};Gymnocladus;dioicus;Fabaceae;;10.0;162.0;{"arrondissement":16, "lieu":"Square Schumann", "rue":""};Chicot du Canada;;61
{"lat":48.8615768444, "lon":2.25902702441};Fagus;sylvatica;Fagaceae;1857;10.0;200.0;{"arrondissement":16, "lieu":"Bois de Boulogne", "sous-lieu":"petite île du Lac Inférieur", "rue":""};Hêtre pleureur;Pendula;63
{"lat":48.8633555664, "lon":2.26174532022};Pterocarya;fraxinifolia;Juglandaceae;1882;27.0;400.0;{"arrondissement":16, "lieu":"Bois de Boulogne", "sous-lieu":"Berge du lac inférieur", "rue":""};Pérocarya du Caucase;;65
{"lat":48.8646024472, "lon":2.25171449183};Sequoiadendron;giganteum;Taxodiaceae;1872;;655.0;{"arrondissement":16, "lieu":"Bois de Boulogne", "sous-lieu":"Pré Catelan", "rue":"Route de la Grande Cascade, carrefour de la Croix Catelan"};Séquoia géant;;67
{"lat":48.865022534, "lon":2.2538285063};Pinus;nigra;Pinaceae;;30.0;250.0;{"arrondissement":16, "lieu":"Bois de Boulogne", "sous-lieu":"Pré Catelan", "rue":"Route de la Grande Cascade, carrefour de la Croix Catelan"};Pin noir;;69
{"lat":48.8704017043, "lon":2.24852577475};Platanus;orientalis;Platanaceae;1843;26.0;340.0;{"arrondissement":16, "lieu":"Bois de Boulogne", "sous-lieu":"Bagatelle", "rue":"Allée de Longchamp, route de Sèvres à Neuilly"};Platane d'Orient;;73
{"lat":48.8347628794, "lon":2.42029690936};Zelkova;serrata;Ulmaceae;1872;18.0;240.0;{"arrondissement":12, "lieu":"Bois de Vincennes", "sous-lieu":"Ecole chiens guide d'aveugle", "rue":""};Zelkova du Japon;;83
{"lat":48.8333849101, "lon":2.41261756721};Juglans;nigra;Juglandaceae;1845;28.0;570.0;{"arrondissement":12, "lieu":"Bois de Vincennes", "sous-lieu":"Lac Daumesnil/porte Dorée", "rue":"route de la ceinture du Lac Daumesnil"};Noyer noir;;85
{"lat":48.8324049718, "lon":2.41169855654};Taxodium;distichum;Taxodiaceae;1930;20.0;270.0;{"arrondissement":12, "lieu":"Bois de Vincennes", "sous-lieu":"Ile de Bercy", "rue":"Ile de Bercy"};Cyprés chauve;;87
{"lat":48.8213214388, "lon":2.45537251962};Pinus;bungeana;Pinaceae;;10.0;50.0;{"arrondissement":12, "lieu":"Arboretum Ecole du Breuil", "rue":"Route de la Ferme, route de la Pyramide"};Pin Napoléon;;95
{"lat":48.8204495642, "lon":2.44579219199};Pinus;nigra;Pinaceae;1870;25.0;248.0;{"arrondissement":12, "lieu":"Bois de Vincennes", "sous-lieu":"lac de gravelle", "rue":"route de la Tourelle, route du Point de Vue"};Pin noir;Austriaca;97
{"lat":48.8520958913, "lon":2.34740754195};Robinia;pseudoacacia;Fabaceae;1601;11.0;385.0;{"arrondissement":5, "lieu":"Square Viviani", "rue":"Quai de Montebello, rue Lagrange, rue Saint-Julien-le-Pauvre"};Robinier faux-acacia;;4
{"lat":48.8578717375, "lon":2.29706549763};Eucommia;ulmoides;Eucomiaceae;;12.0;190.0;{"arrondissement":7, "lieu":"Parc du Champs de Mars", "rue":"Quai Branly, avenue de La Motte-Piquet, avenue de la Bourdonnais, avenue de Suffren"};Arbre à gutta-percha;;7
{"lat":48.8792159582, "lon":2.30640768208};Ginkgo;biloba;Ginkgoaceae;1879;22.0;283.0;{"arrondissement":8, "lieu":"Parc Monceau", "rue":"Boulevard de Courcelles, avenue V‚lasquez, avenue Van-Dyck, avenue Ruysdael"};Arbre aux quarante écus;;10
{"lat":48.8669690843, "lon":2.31951408752};Sequoiadendron;giganteum;Taxodiaceae;1850;20.0;320.0;{"arrondissement":8, "lieu":"Jardin des Champs Elysées", "rue":"Cours-la-Reine, avenue Franklin-D.-Roosevelt, avenue Matignon, avenue Gabriel"};Séquoia géant;;12
{"lat":48.8353848188, "lon":2.38157245444};Platanus;x acerifolia;Platanaceae;;35.0;510.0;{"arrondissement":12, "lieu":"Parc de Bercy", "rue":"Rue Paul-Belmondo, rue Joseph-Kessel, rue de l'Ambroise, rue François-Truffaut"};Platane commun;;17
{"lat":48.8330496955, "lon":2.35078878768};Aesculus;hippocastanum;Sapindaceae;1894;18.0;355.0;{"arrondissement":13, "lieu":"Square René Le Gall", "rue":"Rue Croulebarbe, rue Corvisart, rue Emile-Deslandres, rue des Cordelières"};Marronnier d'Inde;;23
{"lat":48.8224956954, "lon":2.3366608746};Fagus;sylvatica;Fagaceae;;30.0;370.0;{"arrondissement":14, "lieu":"Parc Montsouris", "rue":"Bd Jourdan, avenue Reille, rue Gazan, rue de la Cité‚-Universitaire, rue Nansouty"};Hêtre pourpre;Purpurea;25
{"lat":48.8220238534, "lon":2.33628540112};Sequoia;sempervirens;Taxodiaceae;1935;30.0;335.0;{"arrondissement":14, "lieu":"Parc Montsouris", "rue":"Bd Jourdan, avenue Reille, rue Gazan, rue de la Cité‚-Universitaire, rue Nansouty"};Séquoia sempervirent;;27
{"lat":48.8814628758, "lon":2.38367383179};Styphnolobium;japonicum;Fabaceae;1873;10.0;335.0;{"arrondissement":19, "lieu":"Parc des Buttes Chaumont", "rue":"Rue Manin, rue Botzaris"};Sophora du Japon;;44
{"lat":48.8803986732, "lon":2.38129958306};Platanus;orientalis;Platanaceae;1862;34.0;670.0;{"arrondissement":19, "lieu":"Parc des Buttes Chaumont", "rue":"Rue Manin, rue Botzaris"};Platane d'Orient;;45
{"lat":48.8619346483, "lon":2.39870061217};Acer;monspessulanum;Sapindacaees;1833;12.0;225.0;{"arrondissement":20, "lieu":"Cimetière du Père Lachaise", "rue":"Rue du repos, rue des Rondeaux"};Erable de Montpellier;;48
{"lat":48.879759998, "lon":2.38064802989};Sequoiadendron;giganteum;Taxodiaceae;;35.0;470.0;{"arrondissement":19, "lieu":"Parc des Buttes Chaumont", "rue":"Rue Manin, rue Botzaris"};Séquoia géant;;57
{"lat":48.8640166469, "lon":2.26774597209};Fagus;sylvatica;Fagaceae;;18.0;300.0;{"arrondissement":16, "lieu":"Stade Muette", "rue":""};Hêtre pourpre;Purpurea;60
{"lat":48.8647824278, "lon":2.25120424857};Diospyros;kaki;Ebenaceae;1897;14.0;145.0;{"arrondissement":16, "lieu":"Bois de Boulogne", "sous-lieu":"Pré Catelan", "rue":"Route de la Grande Cascade, carrefour de la Croix Catelan"};Kaki;;68
{"lat":48.8693939056, "lon":2.24776773334};Sequoiadendron;giganteum;Taxodiaceae;1850;30.0;490.0;{"arrondissement":16, "lieu":"Bois de Boulogne", "sous-lieu":"Bagatelle", "rue":"Allée de Longchamp, route de Sèvres à Neuilly"};Séquoia géant;;72
{"lat":48.867043584, "lon":2.25320074406};Platanus;x acerifolia;Platanaceae;1872;40.0;520.0;{"arrondissement":16, "lieu":"Bois de Boulogne", "sous-lieu":"Route du Lac à Bagatelle", "rue":"Route du Lac à Bagatelle"};Platane commun;;74
{"lat":48.8630909172, "lon":2.24159242682};Pinus;nigra laricio;Pinaceae;1882;30.0;240.0;{"arrondissement":16, "lieu":"Bois de Boulogne", "sous-lieu":"réservoir de la cascade", "rue":"Allée de Longchamp, carrefour des cascades"};Pin de Corse;;76
{"lat":48.8632834941, "lon":2.24066981564};Taxodium;distichum;Taxodiaceae;1859;30.0;290.0;{"arrondissement":16, "lieu":"Bois de Boulogne", "sous-lieu":"Grande Cascade", "rue":"Allée de Longchamp, carrefour des cascades"};Cyprés chauve;;77
{"lat":48.8400020891, "lon":2.46422657197};Acer;cappadocicum;Sapindaceae;1900;16.0;280.0;{"arrondissement":12, "lieu":"Bois de Vincennes", "sous-lieu":"pelouse de Fontenay", "rue":"avenue de la Belle Gabrielle"};Erable de Cappadoce;;78
{"lat":48.8394165343, "lon":2.43360205128};Liriodendron;tulipifera;Magnoliaceae;1862;35.0;305.0;{"arrondissement":12, "lieu":"Bois de Vincennes", "sous-lieu":"square Carnot", "rue":"avenue Daumesnil, Esplanade du Château de Vincennes"};Tulipier de Virginie;;81
{"lat":48.8319232533, "lon":2.41202933239};Liriodendron;tulipifera;Magnoliaceae;1930;22.0;205.0;{"arrondissement":12, "lieu":"Bois de Vincennes", "sous-lieu":"Ile de Bercy", "rue":"Ile de Bercy"};Tulipier de Virginie;;88
{"lat":48.8320684332, "lon":2.41182825531};Taxus;baccata;Taxaceae;1870;5.0;140.0;{"arrondissement":12, "lieu":"Bois de Vincennes", "sous-lieu":"Ile de Bercy", "rue":"Ile de Bercy"};If commun;;89
{"lat":48.8292071873, "lon":2.41301158121};Platanus;x acerifolia;Platanaceae;1871;25.0;490.0;{"arrondissement":12, "lieu":"Bois de Vincennes", "sous-lieu":"lac daumesnil", "rue":"route de la ceinture du Lac Daumesnil"};Platane commun;;92
{"lat":48.8400754064, "lon":2.43381509843};Diospyros;virginiana;Ebenaceae;1875;14.0;180.0;{"arrondissement":12, "lieu":"Bois de Vincennes", "sous-lieu":"square Carnot", "rue":"avenue Daumesnil, Esplanade du Château de Vincennes"};Plaqueminier de Virginie;;94
{"lat":48.8183933679, "lon":2.43791766754};Quercus;ilex;Fagaceae;1860;15.0;;{"arrondissement":12, "lieu":"Bois de Vincennes", "sous-lieu":"pente de Gravelle", "rue":"route de Gravelle, route du Mar‚chal Leclerc (Saint Maurice)"};Chêne vert;;98
{"lat":48.8557581795, "lon":2.35399582218};Ulmus;carpinifolia;Ulmaceae;1935;15.0;180.0;{"arrondissement":4, "lieu":"Place Saint Gervais", "rue":"Place St Gervais"};Orme champêtre;;2
{"lat":48.8453050031, "lon":2.35307565328};Fagus;sylvatica;Fagaceae;1905;2.0;72.0;{"arrondissement":5, "lieu":"Square des Arènes de Lutèce", "rue":"Rue des Arênes, rue de Navarre, rue Monge"};Faux de Verzy;Tortuosa;3
{"lat":48.8618464812, "lon":2.37910176561};Corylus;colurna;Betulaceae;1879;20.0;245.0;{"arrondissement":11, "lieu":"Square Maurice Gardette", "rue":"Rue Lacharrière, rue Rochebrune, rue du Général-Guilhem, rue du Général-Blaise"};Noisetier de Byzance;;15
{"lat":48.8420426954, "lon":2.43848438671};Fagus;sylvatica;Fagaceae;1895;23.0;370.0;{"arrondissement":12, "lieu":"Bois de Vincennes", "sous-lieu":"Cours Marigny", "rue":"Cours Marigny"};Hêtre pourpre;Purpurea;18
{"lat":48.8201249835, "lon":2.44524393613};Cedrus;libanii;Pinaceae;1829;30.0;440.0;{"arrondissement":12, "lieu":"Bois de Vincennes", "sous-lieu":"lac de Gravelle", "rue":"route de la Tourelle, route du Point de Vue"};Cèdre du Liban;;22
{"lat":48.8471789821, "lon":2.25293802515};Quercus;suber;Fagaceae;1895;10.0;180.0;{"arrondissement":16, "lieu":"Jardin des Serres d'Auteuil", "rue":"3 avenue de la Porte d'Auteuil, 1 avenue Gordon Benett"};Chêne liège;;32
{"lat":48.8450859307, "lon":2.26948936839};Broussonetia;papyrifera;Moraceae;;12.0;190.0;{"arrondissement":16, "lieu":"Parc Sainte Perinne", "rue":"Rue Mirabeau, avenue de Versailles"};Murier à papier;;33
{"lat":48.8634848878, "lon":2.2403752961};Cedrus;libanii;Pinaceae;1862;30.0;460.0;{"arrondissement":16, "lieu":"Bois de Boulogne", "sous-lieu":"réservoir de la grande cascade", "rue":"Allée de Longchamp, carrefour des cascades"};Cèdre du Liban;;37
{"lat":48.8845880534, "lon":2.34391859224};Platanus;orientalis;Platanaceae;1857;27.0;470.0;{"arrondissement":18, "lieu":"Square Louise Michel", "rue":"Place Saint-Pierre, rue Ronsard, rue Paul-Albert, rue Maurice Utrillo"};Platane d'Orient;;42
{"lat":48.8830346813, "lon":2.37007425143};Tilia;tomentosa;Malvaceae;1945;20.0;205.0;{"arrondissement":19, "lieu":"Place de la bataille de Stalingrad", "rue":"Place Stalingrad"};Tilleul argenté;;43
{"lat":48.85646631, "lon":2.39469777758};Platanus;x acerifolia;Platanaceae;1880;20.0;395.0;{"arrondissement":20, "lieu":"Alignement 148 boulevard de Charonne", "rue":"148 boulevard de Charonne"};Platane commun;;51
{"lat":48.8471653404, "lon":2.25199572129};Pterocarya;stenoptera;Juglandaceae;1905;30.0;530.0;{"arrondissement":16, "lieu":"Jardin des Serres d'Auteuil", "rue":"3 avenue de la Porte d'Auteuil, 1 avenue Gordon Benett"};Ptérocarya de Chine;;54
{"lat":48.867221687, "lon":2.27027693483};Cedrus;atlantica;Pinaceae;;6.0;195.0;{"arrondissement":16, "lieu":"Square Debussy", "rue":""};Cèdre bleu de l'Atlas ple;Glauca pendula;62
{"lat":48.8731203887, "lon":2.24884917245};Fagus;sylvatica;Fagaceae;1868;15.0;230.0;{"arrondissement":16, "lieu":"Bois de Boulogne", "sous-lieu":"Bagatelle", "rue":"Allée de Longchamp, route de Sèvres à Neuilly"};Hêtre pleureur;Pendula;70
{"lat":48.8732545226, "lon":2.24886543775};Davidia;involucrata;Cornaceae;1906;12.0;120.0;{"arrondissement":16, "lieu":"Bois de Boulogne", "sous-lieu":"Bagatelle", "rue":"Allée de Longchamp, route de Sèvres à Neuilly"};Arbre aux pochettes;;71
{"lat":48.8433252639, "lon":2.4497117757};Quercus;petraea;Fagaceae;1815;31.0;450.0;{"arrondissement":12, "lieu":"Bois de Vincennes", "sous-lieu":"fort neuf", "rue":""};Chêne rouve;;80
{"lat":48.8323806372, "lon":2.41052012477};Platanus;x acerifolia;Platanaceae;1860;42.0;405.0;{"arrondissement":12, "lieu":"Bois de Vincennes", "sous-lieu":"Ile de Bercy", "rue":"Ile de Bercy"};Platane commun;;90
{"lat":48.8314334738, "lon":2.4115101993};Diospyros;virginiana;Ebenaceae;1935;12.0;;{"arrondissement":12, "lieu":"Bois de Vincennes", "sous-lieu":"Ile de Bercy", "rue":"Ile de Bercy"};Plaqueminier de Virginie;;93
{"lat":48.8210086122, "lon":2.45551492936};Pinus;coulteri;Pinaceae;;14.0;225.0;{"arrondissement":12, "lieu":"Arboretum Ecole du Breuil", "rue":"Route de la Ferme, route de la Pyramide"};Pin aux grands cônes;;96
{"lat":48.8785456147, "lon":2.30757576047};Platanus;orientalis;Platanaceae;1814;31.0;700.0;{"arrondissement":8, "lieu":"Parc Monceau", "rue":"Boulevard de Courcelles, avenue V‚lasquez, avenue Van-Dyck, avenue Ruysdael"};Platane d'Orient;;9
{"lat":48.8652536076, "lon":2.31333976248};Platanus;orientalis;Platanaceae;1900;20.0;480.0;{"arrondissement":8, "lieu":"Jardin des Champs Elysées", "rue":"Cours-la-Reine, avenue Franklin-D.-Roosevelt, avenue Matignon, avenue Gabriel"};Platane d'Orient;;13
{"lat":48.8476260928, "lon":2.25278179131};Ginkgo;biloba;Ginkgoaceae;1895;25.0;395.0;{"arrondissement":16, "lieu":"Jardin des Serres d'Auteuil", "rue":"3 avenue de la Porte d'Auteuil, 1 avenue Gordon Benett"};Arbre aux quarante écus;;31
{"lat":48.861574817, "lon":2.2910717819};Corylus;colurna;Betulaceae;;20.0;260.0;{"arrondissement":16, "lieu":"Jardin du Trocadéro", "rue":"Place du Trocad‚ro et du 11 Novembre, rue Benjamin Franklin, avenue Albert de Mun"};Noisetier de Byzance;;34
{"lat":48.8708601366, "lon":2.24769299518};Taxus;baccata;Taxaceae;1772;13.0;235.0;{"arrondissement":16, "lieu":"Bois de Boulogne", "sous-lieu":"Bagatelle", "rue":"Allée de Longchamp, route de Sèvres à Neuilly"};If commun;;36
{"lat":48.8646850734, "lon":2.25360607406};Fagus;sylvatica;Fagaceae;1782;30.0;558.0;{"arrondissement":16, "lieu":"Bois de Boulogne", "sous-lieu":"Pré Catelan", "rue":"Route de la Grande Cascade, carrefour de la Croix Catelan"};Hêtre pourpre;Purpurea;38
{"lat":48.8880577555, "lon":2.31595908796};Platanus;x acerifolia;Platanaceae;1840;30.0;595.0;{"arrondissement":17, "lieu":"Square des Batignolles", "rue":"Place Charles Filion, rue Cardinet"};Platane commun;;41
{"lat":48.8597396934, "lon":2.39997847741};Aesculus;hippocastanum;Sapindaceae;;22.0;345.0;{"arrondissement":20, "lieu":"Cimetière du Père Lachaise", "rue":"Rue du repos, rue des Rondeaux"};Marronnier d'Inde;;47
{"lat":48.8622517606, "lon":2.26098883991};Ginkgo;biloba;Ginkgoaceae;1893;18.0;215.0;{"arrondissement":16, "lieu":"Bois de Boulogne", "sous-lieu":"Berge du lac inférieur", "rue":""};Arbre aux quarante écus;;64
{"lat":48.8336849895, "lon":2.42111102704};Ginkgo;biloba;Ginkgoaceae;1865;25.0;255.0;{"arrondissement":12, "lieu":"Bois de Vincennes", "sous-lieu":"Ecole chiens guide d'aveugle", "rue":""};Arbre aux quarante écus;;84
{"lat":48.8648376291, "lon":2.36062929978};Corylus;colurna;Betulaceae;1882;20.0;210.0;{"arrondissement":3, "lieu":"Square du Temple", "rue":"Rue du Temple, rue de Bretagne, Rue Perrée, rue Eugène-Spuller"};Noisetier de Byzance;;1
{"lat":48.856902513, "lon":2.33666989768};Catalpa;bignonioides;Bignoniaceae;;15.0;260.0;{"arrondissement":6, "lieu":"Square Gabriel Pierné", "rue":"Rue de Seine, rue Mazarine"};Catalpa commun;;5
{"lat":48.8577766649, "lon":2.29329076205};Platanus;orientalis;Platanaceae;1814;20.0;700.0;{"arrondissement":7, "lieu":"Parc du Champs de Mars", "rue":"Quai Branly, avenue de La Motte-Piquet, avenue de la Bourdonnais, avenue de Suffren"};Platane d'Orient;;8
{"lat":48.8399672948, "lon":2.43375148978};Fagus;sylvatica;Fagaceae;1865;20.0;530.0;{"arrondissement":12, "lieu":"Bois de Vincennes", "sous-lieu":"square Carnot", "rue":"avenue Daumesnil, Esplanade du Château de Vincennes"};Hêtre pleureur;Pendula;20
{"lat":48.827737189, "lon":2.3592096955};Cedrus;atlantica;Pinaceae;1939;25.0;350.0;{"arrondissement":13, "lieu":"Parc de Choisy", "rue":"128-160 avenue de Choisy, rue Georges-Eastman, rue Charles-Moureu, rue du Docteur-Magn"};Cèdre bleu de l'Atlas;Glauca;24
{"lat":48.8723867386, "lon":2.27912885453};Zelkova;carpinifolia;Ulmaceae;1852;30.0;395.0;{"arrondissement":16, "lieu":"Avenue Foch", "rue":"Avenue Foch"};Faux orme de Sibérie;;29
{"lat":48.8619170093, "lon":2.2924448277};Paulownia;tomentosa;Paulowniaceae;;20.0;420.0;{"arrondissement":16, "lieu":"Jardin du Trocadéro", "rue":"Place du Trocad‚ro et du 11 Novembre, rue Benjamin Franklin, avenue Albert de Mun"};Paulownia;;35
{"lat":48.8716117578, "lon":2.24933653506};Araucaria;araucana;Araucariaceae;1907;9.0;140.0;{"arrondissement":16, "lieu":"Bois de Boulogne", "sous-lieu":"Bagatelle", "rue":"Allée de Longchamp, route de Sèvres à Neuilly"};Désespoir du singe;;39
{"lat":48.8691433358, "lon":2.24587597613};Platanus;x acerifolia;Platanaceae;1847;40.0;480.0;{"arrondissement":16, "lieu":"Bois de Boulogne", "sous-lieu":"Bagatelle", "rue":"Allée de Longchamp, route de Sèvres à Neuilly"};Platane commun;;40
{"lat":48.8661956075, "lon":2.26238964912};Platanus;orientalis;Platanaceae;1859;25.0;375.0;{"arrondissement":16, "lieu":"Bois de Boulogne", "sous-lieu":"île du lac inférieur", "rue":"Ile du lac inférieur"};Platane d'Orient;;49
{"lat":48.8215800145, "lon":2.45494779675};Zelkova;carpinifolia;Ulmaceae;;12.0;245.0;{"arrondissement":12, "lieu":"Arboretum de Ecole du Breuil", "rue":"Route de la Ferme, route de la Pyramide"};Faux orme de Sibérie;;50
{"lat":48.8727584235, "lon":2.2873548507};Platanus;x acerifolia;Platanaceae;1852;30.0;525.0;{"arrondissement":16, "lieu":"Avenue Foch", "rue":"Avenue Foch"};Platane commun;;55
{"lat":48.8588189763, "lon":2.25832952119};Magnolia;grandiflora;Magnoliaceae;1863;12.0;;{"arrondissement":16, "lieu":"Bois de Boulogne", "sous-lieu":"Berge du lac inférieur", "rue":"Allée de Longchamp, carrefour des cascades"};Magnolia à grandes fleurs;;66
{"lat":48.86260617, "lon":2.23782412563};Zelkova;carpinifolia;Ulmaceae;1896;16.0;260.0;{"arrondissement":16, "lieu":"Bois de Boulogne", "sous-lieu":"Moulin de Longchamp", "rue":""};Faux orme de Sibérie;;75
{"lat":48.8395160905, "lon":2.43350820893};Platanus;x acerifolia;Platanaceae;1918;32.0;570.0;{"arrondissement":12, "lieu":"Bois de Vincennes", "sous-lieu":"Square Carnot", "rue":"avenue Daumesnil, Esplanade du Château de Vincennes"};Platane commun;;82
{"lat":48.833545551, "lon":2.41033694606};Platanus;orientalis;Platanaceae;1860;22.0;475.0;{"arrondissement":12, "lieu":"Bois de Vincennes", "sous-lieu":"Lac Daumesnil/porte Dorée", "rue":"route de la ceinture du Lac Daumesnil"};Platane d'Orient;;86
{"lat":48.8302532096, "lon":2.41400587444};Acer;opalus;Sapindaceae;1870;15.0;160.0;{"arrondissement":12, "lieu":"Bois de Vincennes", "sous-lieu":"Ile de Bercy", "rue":"Ile de Bercy"};Erable d'Italie;;91
